Name,Type,X,Y,Layer,Properties
"Entrance (Blue)","Core Interactives",477,9,"Objects","{}"
"Entrance (Blue)","Core Interactives",478,10,"Objects","{}"
"Entrance (Blue)","Core Interactives",489,10,"Objects","{}"
"Entrance (Blue)","Core Interactives",224,11,"Objects","{}"
"Entrance (Blue)","Core Interactives",455,11,"Objects","{}"
"Entrance (Blue)","Core Interactives",282,12,"Objects","{}"
"Entrance (Blue)","Core Interactives",28,13,"Objects","{}"
"Entrance (Blue)","Core Interactives",33,14,"Objects","{}"
"Entrance (Blue)","Core Interactives",28,16,"Objects","{}"
"Entrance (Blue)","Core Interactives",423,16,"Objects","{}"
"Entrance (Blue)","Core Interactives",425,18,"Objects","{}"
"Entrance (Blue)","Core Interactives",435,18,"Objects","{}"
"Entrance (Blue)","Core Interactives",4,22,"Objects","{}"
"Entrance (Blue)","Core Interactives",86,22,"Objects","{}"
"Entrance (Blue)","Core Interactives",432,24,"Objects","{}"
"Entrance (Blue)","Core Interactives",483,24,"Objects","{}"
"Entrance (Blue)","Core Interactives",481,25,"Objects","{}"
"Entrance (Blue)","Core Interactives",416,31,"Objects","{}"
"Entrance (Blue)","Core Interactives",466,32,"Objects","{}"
"Entrance (Blue)","Core Interactives",239,33,"Objects","{}"
"Entrance (Blue)","Core Interactives",379,33,"Objects","{}"
"Entrance (Blue)","Core Interactives",413,34,"Objects","{}"
"Entrance (Blue)","Core Interactives",362,35,"Objects","{}"
"Entrance (Blue)","Core Interactives",377,36,"Objects","{}"
"Entrance (Blue)","Core Interactives",297,39,"Objects","{}"
"Entrance (Blue)","Core Interactives",319,41,"Objects","{}"
"Entrance (Blue)","Core Interactives",13,42,"Objects","{}"
"Entrance (Blue)","Core Interactives",438,49,"Objects","{}"
"Entrance (Blue)","Core Interactives",307,52,"Objects","{}"
"Entrance (Blue)","Core Interactives",334,54,"Objects","{}"
"Entrance (Blue)","Core Interactives",254,56,"Objects","{}"
"Entrance (Blue)","Core Interactives",335,56,"Objects","{}"
"Entrance (Blue)","Core Interactives",160,60,"Objects","{}"
"Entrance (Blue)","Core Interactives",208,62,"Objects","{}"
"Entrance (Blue)","Core Interactives",303,63,"Objects","{}"
"Entrance (Blue)","Core Interactives",367,63,"Objects","{}"
"Entrance (Blue)","Core Interactives",482,63,"Objects","{}"
"Entrance (Blue)","Core Interactives",277,64,"Objects","{}"
"Entrance (Blue)","Core Interactives",136,65,"Objects","{}"
"Entrance (Blue)","Core Interactives",182,70,"Objects","{}"
"Entrance (Blue)","Core Interactives",198,70,"Objects","{}"
"Entrance (Blue)","Core Interactives",183,71,"Objects","{}"
"Entrance (Blue)","Core Interactives",139,73,"Objects","{}"
"Entrance (Blue)","Core Interactives",112,78,"Objects","{}"
"Entrance (Blue)","Core Interactives",64,81,"Objects","{}"
"Entrance (Blue)","Core Interactives",62,84,"Objects","{}"
"Entrance (Blue)","Core Interactives",196,86,"Objects","{}"
"Entrance (Blue)","Core Interactives",280,87,"Objects","{}"
"Entrance (Blue)","Core Interactives",134,88,"Objects","{}"
"Entrance (Blue)","Core Interactives",152,88,"Objects","{}"
"Entrance (Blue)","Core Interactives",154,88,"Objects","{}"
"Entrance (Blue)","Core Interactives",202,96,"Objects","{}"
"Entrance (Blue)","Core Interactives",144,98,"Objects","{}"
"Entrance (Blue)","Core Interactives",21,101,"Objects","{}"
"Entrance (Blue)","Core Interactives",189,101,"Objects","{}"
"Entrance (Blue)","Core Interactives",200,101,"Objects","{}"
"Entrance (Blue)","Core Interactives",169,103,"Objects","{}"
"Entrance (Blue)","Core Interactives",29,104,"Objects","{}"
"Entrance (Blue)","Core Interactives",163,104,"Objects","{}"
"Entrance (Blue)","Core Interactives",30,105,"Objects","{}"
"Entrance (Blue)","Core Interactives",174,106,"Objects","{}"
"Entrance (Blue)","Core Interactives",193,106,"Objects","{}"
"Entrance (Blue)","Core Interactives",109,107,"Objects","{}"
"Entrance (Blue)","Core Interactives",439,107,"Objects","{}"
"Entrance (Blue)","Core Interactives",293,108,"Objects","{}"
"Entrance (Blue)","Core Interactives",150,113,"Objects","{}"
"Entrance (Blue)","Core Interactives",165,115,"Objects","{}"
"Entrance (Blue)","Core Interactives",181,116,"Objects","{}"
"Entrance (Blue)","Core Interactives",159,117,"Objects","{}"
"Entrance (Blue)","Core Interactives",155,118,"Objects","{}"
"Entrance (Blue)","Core Interactives",153,119,"Objects","{}"
"Entrance (Blue)","Core Interactives",152,120,"Objects","{}"
"Entrance (Blue)","Core Interactives",165,120,"Objects","{}"
"Entrance (Blue)","Core Interactives",251,121,"Objects","{}"
"Entrance (Blue)","Core Interactives",362,125,"Objects","{}"
"Entrance (Blue)","Core Interactives",344,126,"Objects","{}"
"Entrance (Blue)","Core Interactives",13,131,"Objects","{}"
"Entrance (Blue)","Core Interactives",15,132,"Objects","{}"
"Entrance (Blue)","Core Interactives",344,133,"Objects","{}"
"Entrance (Blue)","Core Interactives",32,137,"Objects","{}"
"Entrance (Blue)","Core Interactives",345,138,"Objects","{}"
"Entrance (Blue)","Core Interactives",298,140,"Objects","{}"
"Entrance (Blue)","Core Interactives",491,143,"Objects","{}"
"Entrance (Blue)","Core Interactives",114,147,"Objects","{}"
"Entrance (Blue)","Core Interactives",339,148,"Objects","{}"
"Entrance (Blue)","Core Interactives",386,148,"Objects","{}"
"Entrance (Blue)","Core Interactives",407,149,"Objects","{}"
"Entrance (Blue)","Core Interactives",120,151,"Objects","{}"
"Entrance (Blue)","Core Interactives",492,151,"Objects","{}"
"Entrance (Blue)","Core Interactives",227,156,"Objects","{}"
"Entrance (Blue)","Core Interactives",495,156,"Objects","{}"
"Entrance (Blue)","Core Interactives",491,161,"Objects","{}"
"Entrance (Blue)","Core Interactives",413,164,"Objects","{}"
"Entrance (Blue)","Core Interactives",455,169,"Objects","{}"
"Entrance (Blue)","Core Interactives",478,174,"Objects","{}"
"Entrance (Blue)","Core Interactives",427,176,"Objects","{}"
"Entrance (Blue)","Core Interactives",494,177,"Objects","{}"
